Language;Code;ML;P;Script;Code;MS
Abaza;abq;;N;Cyrillic;Cyrl;
Abkhazian;ab;;N;Cyrillic;Cyrl;
Abron;abr;;N;Latin;Latn;
Achinese;ace;;N;Latin;Latn;
Acoli;ach;;N;Latin;Latn;
Adangme;ada;;N;Latin;Latn;
Adyghe;ady;;N;Cyrillic;Cyrl;
Afar;aa;;N;Latin;Latn;
Afrikaans;af;;N;Latin;Latn;
Aghem;agq;;N;Latin;Latn;
Ainu;ain;;N;Katakana;Kana;
;;;;Latin;Latn;
Akan;ak;;N;Latin;Latn;
Akkadian;akk;O;N;Sumero-Akkadian Cuneiform;Xsux;N
Akoose;bss;;N;Latin;Latn;
Alabama;akz;;N;Latin;Latn;
Albanian;sq;;;Latin;Latn;
;;;;Elbasan;Elba;N
Aleut;ale;;N;Latin;Latn;
Algerian Arabic;arq;;N;Arabic;Arab;
American Sign Language;ase;;?;Unknown Script;Zzzz;n/a
Amharic;am;;;Ethiopic;Ethi;
Amo;amo;;N;Latin;Latn;
Ancient Egyptian;egy;O;N;Egyptian hieroglyphs;Egyp;N
Ancient Greek;grc;O;N;Greek;Grek;
;;;;Cypriot;Cprt;N
;;;;Linear B;Linb;
Ancient North Arabian;xna;O;N;Old North Arabian;Narb;N
Angika;anp;;N;Devanagari;Deva;
Anii;blo;;N;Latin;Latn;
Ao Naga;njo;;N;Latin;Latn;
Arabic;ar;;;Arabic;Arab;
;;;;Syriac;Syrc;
Aragonese;an;;N;Latin;Latn;
Aramaic;arc;O;N;Imperial Aramaic;Armi;N
;;;;Nabataean;Nbat;
;;;;Palmyrene;Palm;
Araona;aro;;N;Latin;Latn;
Arapaho;arp;;N;Latin;Latn;
Arawak;arw;;N;Latin;Latn;
Armenian;hy;;;Armenian;Armn;
Aromanian;rup;;N;Latin;Latn;
Arpitan;frp;;N;Latin;Latn;
Assamese;as;;N;Bangla;Beng;
Assyrian Neo-Aramaic;aii;;N;Cyrillic;Cyrl;
;;;;Syriac;Syrc;
Asturian;ast;;N;Latin;Latn;
Asu;asa;;N;Latin;Latn;
Atikamekw;atj;;N;Latin;Latn;
Atsam;cch;;N;Latin;Latn;
Avaric;av;;N;Cyrillic;Cyrl;
Avestan;ae;O;N;Avestan;Avst;N
Awadhi;awa;;N;Devanagari;Deva;
Aymara;ay;;;Latin;Latn;
Azerbaijani;az;;;Arabic;Arab;
;;;;Cyrillic;Cyrl;
;;;;Latin;Latn;
Badaga;bfq;;N;Tamil;Taml;
Bafia;ksf;;N;Latin;Latn;
Bafut;bfd;;N;Latin;Latn;
Bagheli;bfy;;N;Devanagari;Deva;
Bakhtiari;bqi;;N;Arabic;Arab;
Balinese;ban;;N;Balinese;Bali;
;;;;Latin;Latn;
Balkan Gagauz Turkish;bgx;;N;Greek;Grek;
Balti;bft;;N;Arabic;Arab;
;;;;Tibetan;Tibt;
Baluchi;bal;;N;Arabic;Arab;
;;;;Latin;Latn;
Bambara;bm;;N;Latin;Latn;
;;;;N’Ko;Nkoo;
Bamun;bax;;N;Bamum;Bamu;
Bangla;bn;;;Bangla;Beng;
Banjar;bjn;;N;Latin;Latn;
Bantawa;bap;;N;Devanagari;Deva;
Baoulé;bci;;N;Latin;Latn;
Basaa;bas;;N;Latin;Latn;
Bashkir;ba;;N;Cyrillic;Cyrl;
Basque;eu;;N;Latin;Latn;
Batak Toba;bbc;;N;Batak;Batk;
;;;;Latin;Latn;
Bateri;btv;;N;Devanagari;Deva;
Bavarian;bar;;N;Latin;Latn;
Beja;bej;;N;Arabic;Arab;
Belarusian;be;;;Cyrillic;Cyrl;
Bemba;bem;;N;Latin;Latn;
Bena;bez;;N;Latin;Latn;
Betawi;bew;;N;Latin;Latn;
Bhilali;bhi;;N;Devanagari;Deva;
Bhili;bhb;;N;Devanagari;Deva;
Bhojpuri;bho;;N;Devanagari;Deva;
Bikol;bik;;N;Latin;Latn;
Bini;bin;;N;Latin;Latn;
Bishnupriya;bpy;;N;Bangla;Beng;
Bislama;bi;;;Latin;Latn;
Blin;byn;;N;Ethiopic;Ethi;
Bodo;brx;;N;Devanagari;Deva;
Bomu;bmq;;N;Latin;Latn;
Bosnian;bs;;;Cyrillic;Cyrl;
;;;;Latin;Latn;
Brahui;brh;;N;Arabic;Arab;
;;;;Latin;Latn;
Braj;bra;;N;Devanagari;Deva;
Breton;br;;N;Latin;Latn;
Bube;bvb;;N;Latin;Latn;
Buginese;bug;;N;Latin;Latn;
;;;;Buginese;Bugi;N
Buhid;bku;;N;Latin;Latn;
;;;;Buhid;Buhd;N
Bulgarian;bg;;;Cyrillic;Cyrl;
Bulu;bum;;N;Latin;Latn;
Buriat;bua;;N;Cyrillic;Cyrl;
Burmese;my;;;Myanmar;Mymr;
Bushi;buc;;N;Latin;Latn;
Caddo;cad;;N;Latin;Latn;
Cajun French;frc;;N;Latin;Latn;
Cantonese;yue;;N;Simplified;Hans;
;;;;Traditional;Hant;
Capiznon;cps;;N;Latin;Latn;
Carian;xcr;O;N;Carian;Cari;N
Carib;car;;N;Latin;Latn;
Catalan;ca;;;Latin;Latn;
Cayuga;cay;;N;Latin;Latn;
Cebaara Senoufo;sef;;N;Latin;Latn;
Cebuano;ceb;;N;Latin;Latn;
Central Atlas Tamazight;tzm;;;Latin;Latn;
;;;;Tifinagh;Tfng;
Central Dusun;dtp;;N;Latin;Latn;
Central Huasteca Nahuatl;nch;;N;Latin;Latn;
Central Kurdish;ckb;;N;Arabic;Arab;
Central Mazahua;maz;;N;Latin;Latn;
Central Ojibwa;ojc;;?;Unknown Script;Zzzz;n/a
Central Okinawan;ryu;;N;Katakana;Kana;
Central Yupik;esu;;N;Latin;Latn;
Central-Eastern Niger Fulfulde;fuq;;N;Latin;Latn;
Chadian Arabic;shu;;?;Unknown Script;Zzzz;n/a
Chakma;ccp;;N;Bangla;Beng;
;;;;Chakma;Cakm;
Chamorro;ch;;;Latin;Latn;
Chechen;ce;;N;Cyrillic;Cyrl;
Cherokee;chr;;N;Cherokee;Cher;
Cheyenne;chy;;N;Latin;Latn;
Chhattisgarhi;hne;;N;Devanagari;Deva;
Chickasaw;cic;;N;Latin;Latn;
Chiga;cgg;;N;Latin;Latn;
Chilcotin;clc;;N;Latin;Latn;
Chimborazo Highland Quichua;qug;;N;Latin;Latn;
Chinese;zh;;;Bopomofo;Bopo;
;;;;Simplified;Hans;
;;;;Traditional;Hant;
;;;;Phags-pa;Phag;N
Chinook Jargon;chn;;N;Latin;Latn;
Chipewyan;chp;;N;Latin;Latn;
;;;;Unified Canadian Aboriginal Syllabics;Cans;
Choctaw;cho;;N;Latin;Latn;
Chukot;ckt;;N;Cyrillic;Cyrl;
Church Slavic;cu;O;N;Cyrillic;Cyrl;
Chuukese;chk;;N;Latin;Latn;
Chuvash;cv;;N;Cyrillic;Cyrl;
Classical Mandaic;myz;O;N;Mandaean;Mand;
Colognian;ksh;;N;Latin;Latn;
Comorian;swb;;N;Arabic;Arab;
;;;;Latin;Latn;
Coptic;cop;O;N;Arabic;Arab;
;;;;Greek;Grek;
;;;;Coptic;Copt;N
Cornish;kw;;N;Latin;Latn;
Corsican;co;;N;Latin;Latn;
Cree;cr;;N;Latin;Latn;
;;;;Unified Canadian Aboriginal Syllabics;Cans;
Crimean Tatar;crh;;N;Cyrillic;Cyrl;
Croatian;hr;;;Latin;Latn;
Czech;cs;;;Latin;Latn;
Dakota;dak;;N;Latin;Latn;
Dan;dnj;;N;Latin;Latn;
Dangaura Tharu;thl;;N;Devanagari;Deva;
Danish;da;;;Latin;Latn;
Dargwa;dar;;N;Cyrillic;Cyrl;
Dazaga;dzg;;?;Unknown Script;Zzzz;n/a
Deccan;dcc;;N;Arabic;Arab;
Delaware;del;;N;Latin;Latn;
Dinka;din;;N;Latin;Latn;
Divehi;dv;;;Thaana;Thaa;
Dogri;doi;;N;Arabic;Arab;
;;;;Devanagari;Deva;
;;;;Takri;Takr;N
Dogrib;dgr;;N;Latin;Latn;
Domari;rmt;;N;Arabic;Arab;
Dotyali;dty;;N;Devanagari;Deva;
Duala;dua;;N;Latin;Latn;
Dungan;dng;;N;Cyrillic;Cyrl;
Dutch;nl;;;Latin;Latn;
Dyula;dyu;;N;Latin;Latn;
Dzongkha;dz;;;Tibetan;Tibt;
East Futuna;fud;;N;Latin;Latn;
Eastern Canadian Inuktitut;ike;;?;Unknown Script;Zzzz;n/a
Eastern Cham;cjm;;N;Arabic;Arab;
;;;;Cham;Cham;
Eastern Frisian;frs;;N;Latin;Latn;
Eastern Huasteca Nahuatl;nhe;;N;Latin;Latn;
Eastern Kayah;eky;;N;Kayah Li;Kali;
Eastern Lawa;lwl;;N;Thai;Thai;
Eastern Magar;mgp;;N;Devanagari;Deva;
Eastern Ojibwa;ojg;;?;Unknown Script;Zzzz;n/a
Eastern Tamang;taj;;N;Devanagari;Deva;
;;;;Tibetan;Tibt;
Efik;efi;;N;Latin;Latn;
Egyptian Arabic;arz;;N;Arabic;Arab;
Ekajuk;eka;;N;Latin;Latn;
Embu;ebu;;N;Latin;Latn;
Emilian;egl;;N;Latin;Latn;
English;en;;;Latin;Latn;
;;;;Deseret;Dsrt;N
;;;;Shavian;Shaw;
Erzya;myv;;N;Cyrillic;Cyrl;
Esperanto;eo;O;N;Latin;Latn;
Estonian;et;;;Latin;Latn;
Etruscan;ett;O;N;Latin;Latn;
;;;;Old Italic;Ital;N
Evenki;evn;;N;Cyrillic;Cyrl;
Ewe;ee;;N;Latin;Latn;
Ewondo;ewo;;N;Latin;Latn;
Extremaduran;ext;;N;Latin;Latn;
Fang;fan;;N;Latin;Latn;
Fanti;fat;;?;Unknown Script;Zzzz;n/a
Faroese;fo;;;Latin;Latn;
Fiji Hindi;hif;;;Devanagari;Deva;
;;;;Latin;Latn;
Fijian;fj;;;Latin;Latn;
Filipino;fil;;;Latin;Latn;
;;;;Tagalog;Tglg;N
Finnish;fi;;;Latin;Latn;
Fon;fon;;N;Latin;Latn;
Frafra;gur;;N;Latin;Latn;
French;fr;;;Latin;Latn;
;;;;Duployan shorthand;Dupl;N
Friulian;fur;;N;Latin;Latn;
Fula;ff;;N;Adlam;Adlm;
;;;;Latin;Latn;
Fur;fvr;;N;Latin;Latn;
Ga;gaa;;N;Latin;Latn;
Gagauz;gag;;N;Cyrillic;Cyrl;
;;;;Latin;Latn;
Galician;gl;;N;Latin;Latn;
Gan Chinese;gan;;N;Simplified;Hans;
Ganda;lg;;N;Latin;Latn;
Garhwali;gbm;;N;Devanagari;Deva;
Garo;grt;;N;Bangla;Beng;
Gayo;gay;;N;Latin;Latn;
Gbaya;gba;;N;Latin;Latn;
Geez;gez;O;N;Ethiopic;Ethi;
Georgian;ka;;;Georgian;Geor;
German;de;;;Latin;Latn;
;;;;Runic;Runr;N
Gheg Albanian;aln;;N;Latin;Latn;
Ghomala;bbj;;N;Latin;Latn;
Gilaki;glk;;N;Arabic;Arab;
Gilbertese;gil;;;Latin;Latn;
Goan Konkani;gom;;N;Devanagari;Deva;
Gondi;gon;;N;Devanagari;Deva;
;;;;Telugu;Telu;
Gorontalo;gor;;N;Latin;Latn;
Gothic;got;O;N;Gothic;Goth;N
Grebo;grb;;N;Latin;Latn;
Greek;el;;;Greek;Grek;
Gronings;gos;;N;Latin;Latn;
Guajajára;gub;;N;Latin;Latn;
Guarani;gn;;;Latin;Latn;
Guianese Creole French;gcr;;N;Latin;Latn;
Gujarati;gu;;N;Gujarati;Gujr;
Gujari;gju;;N;Arabic;Arab;
Gurung;gvr;;N;Devanagari;Deva;
Gusii;guz;;N;Latin;Latn;
Gwich?in;gwi;;N;Latin;Latn;
Hadothi;hoj;;N;Devanagari;Deva;
Haida;hai;;N;Latin;Latn;
Haitian Creole;ht;;;Latin;Latn;
Hakka Chinese;hak;;N;Simplified;Hans;
Halkomelem;hur;;N;Latin;Latn;
Hanunoo;hnn;;N;Latin;Latn;
;;;;Hanunoo;Hano;N
Haryanvi;bgc;;N;Devanagari;Deva;
Hausa;ha;;N;Arabic;Arab;
;;;;Latin;Latn;
Hawaiian;haw;;N;Latin;Latn;
Hazaragi;haz;;N;Arabic;Arab;
Hebrew;he;;;Hebrew;Hebr;
Herero;hz;;N;Latin;Latn;
Hiligaynon;hil;;N;Latin;Latn;
Hindi;hi;;;Devanagari;Deva;
;;;;Latin;Latn;
;;;;Mahajani;Mahj;N
Hiri Motu;ho;;;Latin;Latn;
Hittite;hit;O;N;Sumero-Akkadian Cuneiform;Xsux;N
Hmong;hmn;;N;Latin;Latn;
;;;;Pahawh Hmong;Hmng;N
Hmong Njua;hnj;;N;Lao;Laoo;
Ho;hoc;;N;Devanagari;Deva;
;;;;Varang Kshiti;Wara;N
Hopi;hop;;N;Latin;Latn;
Hungarian;hu;;;Latin;Latn;
Hupa;hup;;N;Latin;Latn;
Iban;iba;;N;Latin;Latn;
Ibibio;ibb;;N;Latin;Latn;
Icelandic;is;;;Latin;Latn;
Ifè;ife;;N;Latin;Latn;
Igbo;ig;;N;Latin;Latn;
Iloko;ilo;;N;Latin;Latn;
Inari Sami;smn;;N;Latin;Latn;
Indonesian;id;;;Arabic;Arab;
;;;;Latin;Latn;
Indus Kohistani;mvy;;N;Arabic;Arab;
Ingrian;izh;;N;Latin;Latn;
Ingush;inh;;N;Arabic;Arab;
;;;;Cyrillic;Cyrl;
;;;;Latin;Latn;
Innu-aimun;moe;;N;Latin;Latn;
Interlingua;ia;O;N;Latin;Latn;
Interlingue;ie;O;N;Latin;Latn;
Inuktitut;iu;;N;Latin;Latn;
;;;;Unified Canadian Aboriginal Syllabics;Cans;
Inupiaq;ik;;N;Latin;Latn;
Irish;ga;;;Latin;Latn;
Italian;it;;;Latin;Latn;
Jamaican Creole English;jam;;N;Latin;Latn;
Japanese;ja;;;Japanese;Jpan;
Javanese;jv;;N;Javanese;Java;
;;;;Latin;Latn;
Jenaama Bozo;bze;;N;Latin;Latn;
Jju;kaj;;N;Latin;Latn;
Jola-Fonyi;dyo;;N;Arabic;Arab;
;;;;Latin;Latn;
Judeo-Arabic;jrb;;N;Hebrew;Hebr;
Judeo-Persian;jpr;;N;Hebrew;Hebr;
Jumli;jml;;N;Devanagari;Deva;
Jutish;jut;O;N;Latin;Latn;
Kabardian;kbd;;N;Cyrillic;Cyrl;
Kabuverdianu;kea;;N;Latin;Latn;
Kabyle;kab;;N;Latin;Latn;
Kachhi;kfr;;N;Devanagari;Deva;
Kachi Koli;gjk;;N;Arabic;Arab;
Kachin;kac;;N;Latin;Latn;
Kaingang;kgp;;N;Latin;Latn;
Kako;kkj;;N;Latin;Latn;
Kalaallisut;kl;;;Latin;Latn;
Kalanga;kck;;N;Latin;Latn;
Kalenjin;kln;;N;Latin;Latn;
Kalmyk;xal;;N;Cyrillic;Cyrl;
Kalo Finnish Romani;rmf;;N;Latin;Latn;
Kamba;kam;;N;Latin;Latn;
Kanauji;bjj;;N;Devanagari;Deva;
Kanembu;kbl;;?;Unknown Script;Zzzz;n/a
Kangri;xnr;;N;Devanagari;Deva;
Kannada;kn;;N;Kannada;Knda;
Kanuri;kr;;N;Latin;Latn;
Kara-Kalpak;kaa;;N;Cyrillic;Cyrl;
Karachay-Balkar;krc;;N;Cyrillic;Cyrl;
Karelian;krl;;N;Latin;Latn;
Kashmiri;ks;;N;Arabic;Arab;
;;;;Devanagari;Deva;
Kashubian;csb;;N;Latin;Latn;
Kathoriya Tharu;tkt;;N;Devanagari;Deva;
Kazakh;kk;;;Arabic;Arab;
;;;;Cyrillic;Cyrl;
Kenyang;ken;;?;Unknown Script;Zzzz;n/a
Kerinci;kvr;;N;Latin;Latn;
K?l?ngaxo Bozo;bzx;;N;Latin;Latn;
Khakas;kjh;;N;Cyrillic;Cyrl;
Khamti;kht;;N;Myanmar;Mymr;
Khandesi;khn;;N;Devanagari;Deva;
Khanty;kca;;N;Cyrillic;Cyrl;
Khasi;kha;;N;Bangla;Beng;
;;;;Latin;Latn;
Khmer;km;;;Khmer;Khmr;
Khmu;kjg;;N;Lao;Laoo;
;;;;Latin;Latn;
Khowar;khw;;N;Arabic;Arab;
Kikuyu;ki;;N;Latin;Latn;
Kimbundu;kmb;;N;Latin;Latn;
Kinaray-a;krj;;N;Latin;Latn;
Kinyarwanda;rw;;;Latin;Latn;
Kirmanjki;kiu;;N;Latin;Latn;
Kita Maninkakan;mwk;;N;Latin;Latn;
Kochila Tharu;thq;;N;Devanagari;Deva;
Kom;bkm;;N;Latin;Latn;
Komering;kge;;N;Latin;Latn;
Komi;kv;;N;Cyrillic;Cyrl;
;;;;Old Permic;Perm;N
Komi-Permyak;koi;;N;Cyrillic;Cyrl;
Kongo;kg;;N;Latin;Latn;
Konkani;kok;;N;Devanagari;Deva;
Korean;ko;;;Korean;Kore;
Koro;kfo;;N;Latin;Latn;
Koro Wachi;bqv;;N;Latin;Latn;
Koryak;kpy;;N;Cyrillic;Cyrl;
Kosraean;kos;;N;Latin;Latn;
Kotava;avk;O;N;Latin;Latn;
Koyra Chiini;khq;;N;Latin;Latn;
Koyraboro Senni;ses;;N;Latin;Latn;
Kpelle;kpe;;N;Latin;Latn;
Krio;kri;;N;Latin;Latn;
Kuanyama;kj;;N;Latin;Latn;
Kumaoni;kfy;;N;Devanagari;Deva;
Kumyk;kum;;N;Cyrillic;Cyrl;
Kurdish;ku;;N;Arabic;Arab;
;;;;Cyrillic;Cyrl;
;;;;Latin;Latn;
Kurukh;kru;;N;Devanagari;Deva;
Kutenai;kut;;N;Latin;Latn;
Kuvi;kxv;;N;Devanagari;Deva;
;;;;Latin;Latn;
;;;;Odia;Orya;
;;;;Telugu;Telu;
Kuy;kdt;;N;Thai;Thai;
Kwak?wala;kwk;;N;Latin;Latn;
Kwasio;nmg;;N;Latin;Latn;
Kyrgyz;ky;;;Arabic;Arab;
;;;;Cyrillic;Cyrl;
;;;;Latin;Latn;
K?iche?;quc;;N;Latin;Latn;
Ladino;lad;;N;Hebrew;Hebr;
Lak;lbe;;N;Cyrillic;Cyrl;
Laki;lki;;N;Arabic;Arab;
Lakota;lkt;;N;Latin;Latn;
Lamba;lam;;N;Latin;Latn;
Lambadi;lmn;;N;Telugu;Telu;
Lampung Api;ljp;;N;Latin;Latn;
Langi;lag;;N;Latin;Latn;
Lango (Uganda);laj;;N;Latin;Latn;
Lao;lo;;;Lao;Laoo;
Large Flowery Miao;hmd;;N;Pollard Phonetic;Plrd;
Latgalian;ltg;;N;Latin;Latn;
Latin;la;O;N;Latin;Latn;
Latvian;lv;;;Latin;Latn;
Laz;lzz;;N;Georgian;Geor;
;;;;Latin;Latn;
Lepcha;lep;;N;Lepcha;Lepc;
Levantine Arabic;apc;;?;Unknown Script;Zzzz;n/a
Lezghian;lez;;N;Cyrillic;Cyrl;
;;;;Caucasian Albanian;Aghb;N
Ligurian;lij;;N;Latin;Latn;
Lillooet;lil;;N;Latin;Latn;
Limbu;lif;;N;Devanagari;Deva;
;;;;Limbu;Limb;
Limburgish;li;;N;Latin;Latn;
Linear A;lab;O;N;Linear A;Lina;N
Lingala;ln;;N;Latin;Latn;
Lingua Franca Nova;lfn;O;N;Cyrillic;Cyrl;
;;;;Latin;Latn;
Lisu;lis;;N;Fraser;Lisu;
Literary Chinese;lzh;O;N;Simplified;Hans;
Lithuanian;lt;;;Latin;Latn;
Livonian;liv;;N;Latin;Latn;
Lombard;lmo;;N;Latin;Latn;
Lomwe;ngl;;N;Latin;Latn;
Louisiana Creole;lou;;?;Unknown Script;Zzzz;n/a
Low German;nds;;N;Latin;Latn;
Lower Silesian;sli;;N;Latin;Latn;
Lower Sorbian;dsb;;N;Latin;Latn;
Lozi;loz;;N;Latin;Latn;
Lü;khb;;N;New Tai Lue;Talu;
Luba-Katanga;lu;;N;Latin;Latn;
Luba-Lulua;lua;;N;Latin;Latn;
Luiseno;lui;O;N;Latin;Latn;
Lule Sami;smj;;N;Latin;Latn;
Lunda;lun;;N;Latin;Latn;
Luo;luo;;N;Latin;Latn;
Lushootseed;lut;;N;Latin;Latn;
Luxembourgish;lb;;;Latin;Latn;
Luyia;luy;;N;Latin;Latn;
Lycian;xlc;O;N;Lycian;Lyci;N
Lydian;xld;O;N;Lydian;Lydi;N
Maasina Fulfulde;ffm;;N;Latin;Latn;
Maba;mde;;?;Unknown Script;Zzzz;n/a
Macedonian;mk;;;Cyrillic;Cyrl;
Machame;jmc;;N;Latin;Latn;
Madurese;mad;;N;Latin;Latn;
Mafa;maf;;N;Latin;Latn;
Magahi;mag;;N;Devanagari;Deva;
Maguindanaon;mdh;;N;Latin;Latn;
Main-Franconian;vmf;;N;Latin;Latn;
Maithili;mai;;N;Devanagari;Deva;
;;;;Tirhuta;Tirh;N
Makasar;mak;;N;Latin;Latn;
;;;;Buginese;Bugi;N
Makhuwa;vmw;;N;Latin;Latn;
Makhuwa-Meetto;mgh;;N;Latin;Latn;
Makonde;kde;;N;Latin;Latn;
Malagasy;mg;;;Latin;Latn;
Malay;ms;;;Arabic;Arab;
;;;;Latin;Latn;
Malayalam;ml;;N;Malayalam;Mlym;
Maliseet-Passamaquoddy;pqm;;N;Latin;Latn;
Maltese;mt;;;Latin;Latn;
Manchu;mnc;;N;Mongolian;Mong;N
Mandar;mdr;;N;Latin;Latn;
;;;;Buginese;Bugi;N
Mandingo;man;;N;Latin;Latn;
;;;;N’Ko;Nkoo;
Manichaean Middle Persian;xmn;O;N;Manichaean;Mani;N
Manipuri;mni;;N;Bangla;Beng;
;;;;Meitei Mayek;Mtei;
Mansi;mns;;N;Cyrillic;Cyrl;
Manx;gv;;;Latin;Latn;
Manyika;mxc;;N;Latin;Latn;
M?ori;mi;;;Latin;Latn;
Mapuche;arn;;N;Latin;Latn;
Marathi;mr;;N;Devanagari;Deva;
;;;;Modi;Modi;N
Mari;chm;;N;Cyrillic;Cyrl;
Marshallese;mh;;;Latin;Latn;
Marwari;mwr;;N;Devanagari;Deva;
Masaaba;myx;;N;Latin;Latn;
Masai;mas;;N;Latin;Latn;
Masalit;mls;;N;Latin;Latn;
Mazanderani;mzn;;N;Arabic;Arab;
Mbere;mdt;;N;Latin;Latn;
Mbunga;mgy;;N;Latin;Latn;
Medumba;byv;;N;Latin;Latn;
Mende;men;;N;Latin;Latn;
;;;;Mende;Mend;N
Mentawai;mwv;;N;Latin;Latn;
Meroitic;xmr;O;N;Meroitic Cursive;Merc;N
Meru;mer;;N;Latin;Latn;
Meta?;mgo;;N;Latin;Latn;
Mewari;mtr;;N;Devanagari;Deva;
Mewati;wtm;;N;Devanagari;Deva;
Mi'kmaw;mic;;N;Latin;Latn;
Michif;crg;;N;Latin;Latn;
Middle Dutch;dum;O;N;Latin;Latn;
Middle English;enm;O;N;Latin;Latn;
Middle French;frm;O;N;Latin;Latn;
Middle High German;gmh;O;N;Latin;Latn;
Min Nan Chinese;nan;;N;Simplified;Hans;
Minangkabau;min;;N;Latin;Latn;
Mingrelian;xmf;;N;Georgian;Geor;
Mirandese;mwl;;N;Latin;Latn;
Mizo;lus;;N;Bangla;Beng;
Mohawk;moh;;N;Latin;Latn;
Moksha;mdf;;N;Cyrillic;Cyrl;
Mon;mnw;;N;Myanmar;Mymr;
Mongo;lol;;N;Latin;Latn;
Mongolian;mn;;;Cyrillic;Cyrl;
;;;;Mongolian;Mong;N
;;;;Phags-pa;Phag;
Moose Cree;crm;;N;Unified Canadian Aboriginal Syllabics;Cans;
Morisyen;mfe;;N;Latin;Latn;
Moroccan Arabic;ary;;N;Arabic;Arab;
Mossi;mos;;N;Latin;Latn;
Mru;mro;;N;Latin;Latn;
;;;;Mro;Mroo;N
Munda;unx;;N;Bangla;Beng;
;;;;Devanagari;Deva;
Mundang;mua;;N;Latin;Latn;
Mundari;unr;;N;Bangla;Beng;
;;;;Devanagari;Deva;
Muscogee;mus;;N;Latin;Latn;
Muslim Tat;ttt;;N;Arabic;Arab;
;;;;Cyrillic;Cyrl;
;;;;Latin;Latn;
Myene;mye;;?;Unknown Script;Zzzz;n/a
N’Ko;nqo;;N;N’Ko;Nkoo;
Najdi Arabic;ars;;N;Arabic;Arab;
Nama;naq;;N;Latin;Latn;
Nanai;gld;;N;Cyrillic;Cyrl;
Naskapi;nsk;;N;Latin;Latn;
;;;;Unified Canadian Aboriginal Syllabics;Cans;
Nauru;na;;;Latin;Latn;
Navajo;nv;;N;Latin;Latn;
Naxi;nxq;;N;Latin;Latn;
Ndau;ndc;;N;Latin;Latn;
Ndonga;ng;;N;Latin;Latn;
Ndzwani Comorian;wni;;;Arabic;Arab;
Neapolitan;nap;;N;Latin;Latn;
Negeri Sembilan Malay;zmi;;N;Latin;Latn;
Nenets;yrk;;N;Cyrillic;Cyrl;
Nepali;ne;;;Devanagari;Deva;
Newari;new;;N;Devanagari;Deva;
Ngaju;nij;;N;Latin;Latn;
Ngambay;sba;;?;Unknown Script;Zzzz;n/a
Ngazidja Comorian;zdj;;;Arabic;Arab;
Ngiemboon;nnh;;N;Latin;Latn;
Ngomba;jgo;;N;Latin;Latn;
Nheengatu;yrl;;N;Latin;Latn;
Nias;nia;;N;Latin;Latn;
Nigerian Fulfulde;fuv;;N;Latin;Latn;
Nigerian Pidgin;pcm;;N;Latin;Latn;
Nimadi;noe;;N;Devanagari;Deva;
Niuean;niu;;;Latin;Latn;
Nobiin;fia;;N;Arabic;Arab;
Nogai;nog;;N;Cyrillic;Cyrl;
North Ndebele;nd;;;Latin;Latn;
North Slavey;scs;;N;Latin;Latn;
Northeastern Thai;tts;;N;Thai;Thai;
Northern East Cree;crl;;N;Latin;Latn;
;;;;Unified Canadian Aboriginal Syllabics;Cans;
Northern Frisian;frr;;N;Latin;Latn;
Northern Haida;hdn;;?;Unknown Script;Zzzz;n/a
Northern Hindko;hno;;N;Arabic;Arab;
Northern Khmer;kxm;;N;Thai;Thai;
Northern Luri;lrc;;N;Arabic;Arab;
Northern Sami;se;;N;Cyrillic;Cyrl;
;;;;Latin;Latn;
Northern Sotho;nso;;N;Latin;Latn;
Northern Thai;nod;;N;Lanna;Lana;
Northern Tutchone;ttm;;?;Unknown Script;Zzzz;n/a
Northwestern Ojibwa;ojb;;?;Unknown Script;Zzzz;n/a
Norwegian;no;;;Latin;Latn;
Norwegian Bokmål;nb;;;Latin;Latn;
Norwegian Nynorsk;nn;;;Latin;Latn;
Novial;nov;O;N;Latin;Latn;
Nuer;nus;;N;Latin;Latn;
Nyamwezi;nym;;N;Latin;Latn;
Nyanja;ny;;;Latin;Latn;
Nyankole;nyn;;N;Latin;Latn;
Nyasa Tonga;tog;;N;Latin;Latn;
Nyoro;nyo;;N;Latin;Latn;
Nzima;nzi;;N;Latin;Latn;
Obolo;ann;;N;Latin;Latn;
Occitan;oc;;N;Latin;Latn;
Odia;or;;N;Odia;Orya;
Oji-Cree;ojs;;N;Unified Canadian Aboriginal Syllabics;Cans;
Ojibwa;oj;;N;Latin;Latn;
;;;;Unified Canadian Aboriginal Syllabics;Cans;
Okanagan;oka;;N;Latin;Latn;
Old English;ang;O;N;Latin;Latn;
Old French;fro;O;N;Latin;Latn;
Old High German;goh;O;N;Latin;Latn;
Old Irish;sga;O;N;Latin;Latn;
;;;;Ogham;Ogam;N
Old Norse;non;O;N;Runic;Runr;N
Old Persian;peo;O;N;Old Persian;Xpeo;N
Old Provençal;pro;O;N;Latin;Latn;
Old Turkish;otk;O;N;Orkhon;Orkh;N
Oromo;om;;N;Ethiopic;Ethi;
;;;;Latin;Latn;
Osage;osa;;N;Latin;Latn;
;;;;Osage;Osge;
Oscan;osc;O;N;Latin;Latn;
;;;;Old Italic;Ital;N
Ossetic;os;;N;Cyrillic;Cyrl;
Pahlavi;pal;O;N;Inscriptional Pahlavi;Phli;N
;;;;Psalter Pahlavi;Phlp;
Palatine German;pfl;;N;Latin;Latn;
Palauan;pau;;;Latin;Latn;
Pali;pi;O;N;Devanagari;Deva;
;;;;Sinhala;Sinh;
;;;;Thai;Thai;
Pampanga;pam;;N;Latin;Latn;
Pangasinan;pag;;N;Latin;Latn;
Papiamento;pap;;;Latin;Latn;
Parkari Koli;kvx;;N;Arabic;Arab;
Parsi-Dari;prd;;N;Arabic;Arab;
Parthian;xpr;O;N;Inscriptional Parthian;Prti;N
Pashto;ps;;;Arabic;Arab;
Pattani Malay;mfa;;N;Arabic;Arab;
Pennsylvania German;pdc;;N;Latin;Latn;
Persian;fa;;;Arabic;Arab;
Phoenician;phn;O;N;Phoenician;Phnx;N
Picard;pcd;;N;Latin;Latn;
Piedmontese;pms;;N;Latin;Latn;
Pijin;pis;;N;Latin;Latn;
Plains Cree;crk;;N;Unified Canadian Aboriginal Syllabics;Cans;
Plautdietsch;pdt;;N;Latin;Latn;
Pohnpeian;pon;;N;Latin;Latn;
Pökoot;pko;;N;Latin;Latn;
Polish;pl;;;Latin;Latn;
Pontic;pnt;;N;Cyrillic;Cyrl;
;;;;Greek;Grek;
;;;;Latin;Latn;
Portuguese;pt;;;Latin;Latn;
Prussian;prg;;N;Latin;Latn;
Punjabi;pa;;N;Arabic;Arab;
;;;;Gurmukhi;Guru;
Punu;puu;;N;Latin;Latn;
Quechua;qu;;;Latin;Latn;
Rajasthani;raj;;N;Devanagari;Deva;
Rajbanshi;rjs;;N;Devanagari;Deva;
Rana Tharu;thr;;N;Devanagari;Deva;
Rangpuri;rkt;;N;Bangla;Beng;
Rapanui;rap;;N;Latin;Latn;
Rarotongan;rar;;N;Latin;Latn;
Rejang;rej;;N;Latin;Latn;
;;;;Rejang;Rjng;N
Réunion Creole French;rcf;;N;Latin;Latn;
Riang (India);ria;;N;Latin;Latn;
Riffian;rif;;N;Latin;Latn;
;;;;Tifinagh;Tfng;
Rinconada Bikol;bto;;N;Latin;Latn;
Rohingya;rhg;;N;Arabic;Arab;
;;;;Hanifi;Rohg;
;;;;Latin;Latn;
Romagnol;rgn;;N;Latin;Latn;
Romanian;ro;;;Cyrillic;Cyrl;
;;;;Latin;Latn;
Romansh;rm;;N;Latin;Latn;
Romany;rom;;N;Cyrillic;Cyrl;
;;;;Latin;Latn;
Rombo;rof;;N;Latin;Latn;
Ronga;rng;;N;Latin;Latn;
Rotuman;rtm;;N;Latin;Latn;
Roviana;rug;;N;Latin;Latn;
Rundi;rn;;;Latin;Latn;
Russian;ru;;;Cyrillic;Cyrl;
Rusyn;rue;;N;Cyrillic;Cyrl;
Rwa;rwk;;N;Latin;Latn;
Saamia;lsm;;?;Unknown Script;Zzzz;n/a
Sabaean;xsa;O;N;Old South Arabian;Sarb;N
Sadri;sck;;N;Devanagari;Deva;
Safaliba;saf;;N;Latin;Latn;
Saho;ssy;;N;Latin;Latn;
Samaritan;smp;O;N;Samaritan;Samr;N
Samaritan Aramaic;sam;O;N;Hebrew;Hebr;
;;;;Samaritan;Samr;N
Samburu;saq;;N;Latin;Latn;
Samoan;sm;;;Latin;Latn;
Samogitian;sgs;;N;Latin;Latn;
Sandawe;sad;;N;Latin;Latn;
Sangir;sxn;;N;Latin;Latn;
Sango;sg;;;Latin;Latn;
Sangu;sbp;;N;Latin;Latn;
Sanskrit;sa;O;N;Devanagari;Deva;
;;;;Sinhala;Sinh;
;;;;Grantha;Gran;N
;;;;Sharada;Shrd;
;;;;Siddham;Sidd;
Santali;sat;;N;Bangla;Beng;
;;;;Devanagari;Deva;
;;;;Latin;Latn;
;;;;Odia;Orya;
;;;;Ol Chiki;Olck;
Saraiki;skr;;N;Arabic;Arab;
Sardinian;sc;;N;Latin;Latn;
Sasak;sas;;N;Latin;Latn;
Sassarese Sardinian;sdc;;N;Latin;Latn;
Saterland Frisian;stq;;N;Latin;Latn;
Saurashtra;saz;;N;Saurashtra;Saur;
Scots;sco;;N;Latin;Latn;
Scottish Gaelic;gd;;N;Latin;Latn;
Seki;syi;;N;Latin;Latn;
Selayar;sly;;N;Latin;Latn;
Selkup;sel;;N;Cyrillic;Cyrl;
Sena;seh;;N;Latin;Latn;
Seneca;see;;N;Latin;Latn;
Serbian;sr;;;Cyrillic;Cyrl;
;;;;Latin;Latn;
Serbo-Croatian;sh;;?;Unknown Script;Zzzz;n/a
Serer;srr;;N;Latin;Latn;
Seri;sei;;N;Latin;Latn;
Seselwa Creole French;crs;;N;Latin;Latn;
Shambala;ksb;;N;Latin;Latn;
Shan;shn;;N;Myanmar;Mymr;
Shekhawati;swv;;N;Devanagari;Deva;
Sherpa;xsr;;N;Devanagari;Deva;
Shona;sn;;;Latin;Latn;
Shor;cjs;;N;Cyrillic;Cyrl;
Sichuan Yi;ii;;N;Latin;Latn;
;;;;Yi;Yiii;
Sicilian;scn;;N;Latin;Latn;
Sidamo;sid;;N;Latin;Latn;
Siksiká;bla;;N;Latin;Latn;
Silesian;szl;;N;Latin;Latn;
Sindhi;sd;;N;Arabic;Arab;
;;;;Devanagari;Deva;
;;;;Khojki;Khoj;N
;;;;Khudawadi;Sind;
Sinhala;si;;;Sinhala;Sinh;
Sinte Romani;rmo;;N;Latin;Latn;
Sirmauri;srx;;N;Devanagari;Deva;
Skolt Sami;sms;;N;Latin;Latn;
Slave;den;;N;Latin;Latn;
;;;;Unified Canadian Aboriginal Syllabics;Cans;
Slovak;sk;;;Latin;Latn;
Slovenian;sl;;;Latin;Latn;
Soga;xog;;N;Latin;Latn;
Somali;so;;;Arabic;Arab;
;;;;Latin;Latn;
;;;;Osmanya;Osma;N
Soninke;snk;;N;Latin;Latn;
Sora;srb;;N;Latin;Latn;
;;;;Sora Sompeng;Sora;N
South Ndebele;nr;;N;Latin;Latn;
Southern Altai;alt;;N;Cyrillic;Cyrl;
Southern East Cree;crj;;N;Latin;Latn;
;;;;Unified Canadian Aboriginal Syllabics;Cans;
Southern Haida;hax;;?;Unknown Script;Zzzz;n/a
Southern Hindko;hnd;;N;Arabic;Arab;
Southern Kurdish;sdh;;N;Arabic;Arab;
Southern Luri;luz;;N;Arabic;Arab;
Southern Lushootseed;slh;;?;Unknown Script;Zzzz;n/a
Southern Sami;sma;;N;Latin;Latn;
Southern Sotho;st;;;Latin;Latn;
Southern Thai;sou;;N;Thai;Thai;
Southern Tutchone;tce;;?;Unknown Script;Zzzz;n/a
Spanish;es;;;Latin;Latn;
Sranan Tongo;srn;;N;Latin;Latn;
Standard Moroccan Tamazight;zgh;;N;Tifinagh;Tfng;
Straits Salish;str;;?;Unknown Script;Zzzz;n/a
Sukuma;suk;;N;Latin;Latn;
Sundanese;su;;N;Latin;Latn;
;;;;Sundanese;Sund;
Susu;sus;;N;Arabic;Arab;
;;;;Latin;Latn;
Swabian;swg;;N;Latin;Latn;
Swahili;sw;;;Latin;Latn;
Swampy Cree;csw;;N;Unified Canadian Aboriginal Syllabics;Cans;
Swati;ss;;;Latin;Latn;
Swedish;sv;;;Latin;Latn;
Swiss German;gsw;;;Latin;Latn;
Sylheti;syl;;N;Bangla;Beng;
;;;;Syloti Nagri;Sylo;
Syriac;syr;;N;Syriac;Syrc;
Tabassaran;tab;;N;Cyrillic;Cyrl;
Tachelhit;shi;;N;Arabic;Arab;
;;;;Latin;Latn;
;;;;Tifinagh;Tfng;
Tae';rob;;N;Latin;Latn;
Tagalog;tl;;?;Unknown Script;Zzzz;n/a
Tagbanwa;tbw;;N;Latin;Latn;
;;;;Tagbanwa;Tagb;N
Tagish;tgx;;?;Unknown Script;Zzzz;n/a
Tahitian;ty;;;Latin;Latn;
Tahltan;tht;;?;Unknown Script;Zzzz;n/a
Tai Dam;blt;;N;Tai Viet;Tavt;
Tai Nüa;tdd;;N;Tai Le;Tale;
Taita;dav;;N;Latin;Latn;
Tajik;tg;;;Arabic;Arab;
;;;;Cyrillic;Cyrl;
;;;;Latin;Latn;
Talysh;tly;;N;Arabic;Arab;
;;;;Cyrillic;Cyrl;
;;;;Latin;Latn;
Tamashek;tmh;;N;Latin;Latn;
Tamil;ta;;;Tamil;Taml;
Taroko;trv;;N;Latin;Latn;
Tasawaq;twq;;N;Latin;Latn;
Tatar;tt;;N;Cyrillic;Cyrl;
Tausug;tsg;;N;Latin;Latn;
Tavringer Romani;rmu;;N;Latin;Latn;
Tedim Chin;ctd;;N;Latin;Latn;
Telugu;te;;N;Telugu;Telu;
Tereno;ter;;N;Latin;Latn;
Teso;teo;;N;Latin;Latn;
Tetum;tet;;;Latin;Latn;
Thai;th;;;Thai;Thai;
Thulung;tdh;;N;Devanagari;Deva;
Tibetan;bo;;N;Tibetan;Tibt;
Tigre;tig;;N;Ethiopic;Ethi;
Tigrinya;ti;;;Ethiopic;Ethi;
Timne;tem;;N;Latin;Latn;
Tiv;tiv;;N;Latin;Latn;
Tlingit;tli;;N;Latin;Latn;
Tok Pisin;tpi;;;Latin;Latn;
Tokelau;tkl;;;Latin;Latn;
Toki Pona;tok;O;N;Latin;Latn;
Tolaki;lbw;;N;Latin;Latn;
Tomo Kan Dogon;dtm;;N;Latin;Latn;
Tongan;to;;;Latin;Latn;
Tooro;ttj;;N;Latin;Latn;
Tornedalen Finnish;fit;;N;Latin;Latn;
Torwali;trw;;N;Arabic;Arab;
Tsakhur;tkr;;N;Cyrillic;Cyrl;
;;;;Latin;Latn;
Tsakonian;tsd;;N;Greek;Grek;
Tshangla;tsj;;N;Tibetan;Tibt;
Tsimshian;tsi;;N;Latin;Latn;
Tsonga;ts;;N;Latin;Latn;
Tswana;tn;;;Latin;Latn;
Tulu;tcy;;N;Kannada;Knda;
Tumbuka;tum;;N;Latin;Latn;
Tunisian Arabic;aeb;;N;Arabic;Arab;
Turkish;tr;;;Arabic;Arab;
;;;;Latin;Latn;
Turkmen;tk;;;Arabic;Arab;
;;;;Cyrillic;Cyrl;
;;;;Latin;Latn;
Turoyo;tru;;N;Latin;Latn;
;;;;Syriac;Syrc;
Tuvalu;tvl;;;Latin;Latn;
Tuvinian;tyv;;N;Cyrillic;Cyrl;
Twi;tw;;?;Unknown Script;Zzzz;n/a
Tyap;kcg;;N;Latin;Latn;
Uab Meto;aoz;;N;Latin;Latn;
Udihe;ude;;N;Cyrillic;Cyrl;
Udmurt;udm;;N;Cyrillic;Cyrl;
;;;;Latin;Latn;
Ugaritic;uga;O;N;Ugaritic;Ugar;N
Ukrainian;uk;;;Cyrillic;Cyrl;
Ulithian;uli;;N;Latin;Latn;
Umbrian;xum;O;N;Latin;Latn;
;;;;Old Italic;Ital;N
Umbundu;umb;;N;Latin;Latn;
Unknown language;und;?;?;Gunjala Gondi;Gong;
;;;;Hangul;Hang;
;;;;Inherited;Zinh;
;;;;Newa;Newa;
;;;;Nyiakeng Puachue Hmong;Hmnp;
;;;;Wancho;Wcho;
;;;;Ahom;Ahom;N
;;;;Anatolian Hieroglyphs;Hluw;
;;;;Bassa Vah;Bass;
;;;;Bhaiksuki;Bhks;
;;;;Brahmi;Brah;
;;;;Chorasmian;Chrs;
;;;;Cypro-Minoan;Cpmn;
;;;;Dives Akuru;Diak;
;;;;Dogra;Dogr;
;;;;Elymaic;Elym;
;;;;Glagolitic;Glag;
;;;;Hatran;Hatr;
;;;;Kaithi;Kthi;
;;;;Kawi;Kawi;
;;;;Kharoshthi;Khar;
;;;;Khitan small script;Kits;
;;;;Makasar;Maka;
;;;;Marchen;Marc;
;;;;Masaram Gondi;Gonm;
;;;;Medefaidrin;Medf;
;;;;Meroitic;Mero;
;;;;Multani;Mult;
;;;;Nag Mundari;Nagm;
;;;;Nandinagari;Nand;
;;;;Nüshu;Nshu;
;;;;Old Hungarian;Hung;
;;;;Old Sogdian;Sogo;
;;;;Old Uyghur;Ougr;
;;;;Pau Cin Hau;Pauc;
;;;;SignWriting;Sgnw;
;;;;Sogdian;Sogd;
;;;;Soyombo;Soyo;
;;;;Tangsa;Tnsa;
;;;;Tangut;Tang;
;;;;Toto;Toto;
;;;;Vithkuqi;Vith;
;;;;Yezidi;Yezi;
;;;;Zanabazar Square;Zanb;
Upper Sorbian;hsb;;N;Latin;Latn;
Urdu;ur;;;Arabic;Arab;
Uyghur;ug;;N;Arabic;Arab;
;;;;Cyrillic;Cyrl;
;;;;Latin;Latn;
Uzbek;uz;;;Arabic;Arab;
;;;;Cyrillic;Cyrl;
;;;;Latin;Latn;
Vai;vai;;N;Latin;Latn;
;;;;Vai;Vaii;
Venda;ve;;N;Latin;Latn;
Venetian;vec;;N;Latin;Latn;
Veps;vep;;N;Latin;Latn;
Vietnamese;vi;;;Han;Hani;
;;;;Latin;Latn;
Virgin Islands Creole English;vic;;N;Latin;Latn;
Volapük;vo;O;N;Latin;Latn;
Võro;vro;;N;Latin;Latn;
Votic;vot;;N;Latin;Latn;
Vunjo;vun;;N;Latin;Latn;
Waddar;wbq;;N;Telugu;Telu;
Wadiyara Koli;kxp;;N;Arabic;Arab;
Wagdi;wbr;;N;Devanagari;Deva;
Wallisian;wls;;N;Latin;Latn;
Walloon;wa;;N;Latin;Latn;
Walser;wae;;N;Latin;Latn;
Waray;war;;N;Latin;Latn;
Warlpiri;wbp;;N;Latin;Latn;
Washo;was;;N;Latin;Latn;
Wayuu;guc;;N;Latin;Latn;
Welsh;cy;;N;Latin;Latn;
West Flemish;vls;;N;Latin;Latn;
Western Balochi;bgn;;N;Arabic;Arab;
Western Canadian Inuktitut;ikt;;N;Latin;Latn;
Western Cham;cja;;N;Arabic;Arab;
;;;;Cham;Cham;
Western Frisian;fy;;N;Latin;Latn;
Western Huasteca Nahuatl;nhw;;N;Latin;Latn;
Western Kayah;kyu;;N;Kayah Li;Kali;
Western Lawa;lcp;;N;Thai;Thai;
Western Magar;mrd;;N;Devanagari;Deva;
Western Mari;mrj;;N;Cyrillic;Cyrl;
Western Ojibwa;ojw;;?;Unknown Script;Zzzz;n/a
Western Panjabi;lah;;N;Arabic;Arab;
Western Tamang;tdg;;N;Devanagari;Deva;
;;;;Tibetan;Tibt;
Wolaytta;wal;;N;Ethiopic;Ethi;
Wolof;wo;;;Arabic;Arab;
;;;;Latin;Latn;
Woods Cree;cwd;;?;Unknown Script;Zzzz;n/a
Wu Chinese;wuu;;N;Simplified;Hans;
Xaasongaxango;kao;;N;Latin;Latn;
Xavánte;xav;;N;Latin;Latn;
Xhosa;xh;;N;Latin;Latn;
Xiang Chinese;hsn;;N;Simplified;Hans;
Yakut;sah;;N;Cyrillic;Cyrl;
Yangben;yav;;N;Latin;Latn;
Yao;yao;;N;Latin;Latn;
Yapese;yap;;N;Latin;Latn;
Yemba;ybb;;N;Latin;Latn;
Yiddish;yi;;N;Hebrew;Hebr;
Yoruba;yo;;;Latin;Latn;
Yucateco;yua;;N;Latin;Latn;
Zaghawa;zag;;N;Latin;Latn;
Zapotec;zap;;N;Latin;Latn;
Zarma;dje;;N;Latin;Latn;
Zaza;zza;;N;Latin;Latn;
Zeelandic;zea;;N;Latin;Latn;
Zenaga;zen;;N;Tifinagh;Tfng;
Zhuang;za;;N;Latin;Latn;
;;;;Simplified;Hans;
Zoroastrian Dari;gbz;;N;Arabic;Arab;
Zulu;zu;;N;Latin;Latn;
Zuni;zun;;N;Latin;Latn;
